,yp_proba,yp_label,y_true
0,0.99875355,1.0,1
1,0.9902593,1.0,1
2,0.99922395,1.0,1
3,0.9994622,1.0,1
4,0.99984527,1.0,1
5,0.99992085,1.0,1
6,0.9847067,1.0,1
7,0.98733306,1.0,1
8,0.9925867,1.0,1
9,0.9993338,1.0,1
10,0.99928135,1.0,1
11,0.853856,1.0,1
12,0.9995111,1.0,1
13,0.999471,1.0,1
14,0.9979983,1.0,1
15,0.9999757,1.0,1
16,0.9892926,1.0,1
17,0.8615245,1.0,1
18,0.99950457,1.0,1
19,0.39885545,-1.0,1
20,0.9476612,1.0,1
21,0.9880014,1.0,1
22,0.8861575,1.0,1
23,0.9991203,1.0,1
24,0.99859136,1.0,1
25,0.996567,1.0,1
26,0.94969046,1.0,1
27,0.9695612,1.0,1
28,0.94397104,1.0,1
29,0.99911934,1.0,1
30,0.9982905,1.0,1
31,0.7895973,1.0,1
32,0.9864791,1.0,1
33,0.9989668,1.0,1
34,0.95497257,1.0,1
35,0.898118,1.0,1
36,0.99779785,1.0,1
37,0.99999356,1.0,1
38,0.99999857,1.0,1
39,0.99998844,1.0,1
40,0.9965029,1.0,1
41,0.9162567,1.0,1
42,0.9947501,1.0,1
43,0.9999826,1.0,1
44,0.9929576,1.0,1
45,0.9979279,1.0,1
46,0.9996307,1.0,1
47,0.99924636,1.0,1
48,0.986075,1.0,1
49,0.99960667,1.0,1
50,0.99978536,1.0,1
51,0.97769755,1.0,1
52,0.8711174,1.0,1
53,0.9197933,1.0,1
54,0.6892893,1.0,1
55,0.99901164,1.0,1
56,0.9977829,1.0,1
57,0.9944351,1.0,1
58,0.72193146,1.0,1
59,0.9993445,1.0,1
60,0.89411354,1.0,1
61,0.26528788,-1.0,1
62,0.94281906,1.0,1
63,0.9377838,1.0,1
64,0.9935091,1.0,1
65,0.98019284,1.0,1
66,0.99761677,1.0,1
67,0.9991603,1.0,1
68,0.99983096,1.0,1
69,0.9999659,1.0,1
70,0.9876249,1.0,1
71,0.99831223,1.0,1
72,0.9999496,1.0,1
73,0.8822736,1.0,1
74,0.9948059,1.0,1
75,0.34941724,-1.0,1
76,0.9995597,1.0,1
77,0.99622935,1.0,1
78,0.3551565,-1.0,1
79,0.9999156,1.0,1
80,0.74911106,1.0,1
81,0.7980858,1.0,1
82,0.99999523,1.0,1
83,0.97864294,1.0,1
84,0.99997556,1.0,1
85,0.9999931,1.0,1
86,0.99853337,1.0,1
87,0.9884983,1.0,1
88,0.99024475,1.0,1
89,0.981546,1.0,1
90,0.985623,1.0,1
91,0.96021795,1.0,1
92,0.9475304,1.0,1
93,0.9999765,1.0,1
94,0.99966383,1.0,1
95,0.9071226,1.0,1
96,0.969928,1.0,1
97,0.70975274,1.0,1
98,0.99161726,1.0,1
99,0.9634513,1.0,1
100,0.8029031,1.0,1
101,0.94808877,1.0,1
102,0.9999399,1.0,1
103,0.99997973,1.0,1
104,0.99941325,1.0,1
105,0.98431826,1.0,1
106,0.9740276,1.0,1
107,0.847492,1.0,1
108,0.9999535,1.0,1
109,0.9987551,1.0,1
110,0.9521937,1.0,1
111,0.9983348,1.0,1
112,0.9901635,1.0,1
113,0.61538064,1.0,1
114,0.9604058,1.0,1
115,0.99966943,1.0,1
116,0.9892097,1.0,1
117,0.9644284,1.0,1
118,0.9812044,1.0,1
119,0.99502546,1.0,1
120,0.19606994,-1.0,1
121,0.9909051,1.0,1
122,0.99770087,1.0,1
123,0.9999925,1.0,1
124,0.44542694,-1.0,1
125,0.6529554,1.0,1
126,0.47520524,-1.0,1
127,0.9917549,1.0,1
128,0.9200184,1.0,1
129,0.57386816,1.0,1
130,0.5803021,1.0,1
131,0.016947445,-1.0,1
132,0.65923303,1.0,1
133,0.8896807,1.0,1
134,0.784967,1.0,1
135,0.99715173,1.0,1
136,0.98993355,1.0,1
137,0.8888013,1.0,1
138,0.3138481,-1.0,1
139,0.98337424,1.0,1
140,0.9998462,1.0,1
141,0.9446164,1.0,1
142,0.69072956,1.0,1
143,0.98516613,1.0,1
144,0.83992624,1.0,1
145,0.8450239,1.0,1
146,0.96763134,1.0,1
147,0.99497414,1.0,1
148,0.99668103,1.0,1
149,0.79639447,1.0,1
150,0.108934745,-1.0,1
151,0.99940085,1.0,1
152,0.5659158,1.0,1
153,0.5266852,1.0,1
154,0.26425126,-1.0,1
155,0.0615085,-1.0,1
156,0.998539,1.0,1
157,0.99995303,1.0,1
158,0.98266405,1.0,1
159,0.9732915,1.0,1
160,0.9701231,1.0,1
161,0.99999976,1.0,1
162,0.99867094,1.0,1
163,0.8573085,1.0,1
164,0.92515695,1.0,1
165,0.9995271,1.0,1
166,0.99991083,1.0,1
167,0.9999529,1.0,1
168,0.99997807,1.0,1
169,0.98829913,1.0,1
170,0.63836175,1.0,1
171,0.99762756,1.0,1
172,0.99007165,1.0,1
173,0.11302081,-1.0,1
174,0.7812707,1.0,1
175,0.68424845,1.0,1
176,0.89345556,1.0,1
177,0.428549,-1.0,1
178,0.46512347,-1.0,1
179,0.8065902,1.0,1
180,0.9918351,1.0,1
181,0.9448101,1.0,1
182,0.98936707,1.0,1
183,0.999926,1.0,1
184,0.999071,1.0,1
185,0.99992347,1.0,1
186,0.83544576,1.0,1
187,0.9999685,1.0,1
188,0.9900557,1.0,1
189,0.9992436,1.0,1
190,0.99931383,1.0,1
191,0.9992478,1.0,1
192,0.89978796,1.0,1
193,0.9955049,1.0,1
194,0.973169,1.0,1
195,0.99994135,1.0,1
196,0.9991301,1.0,1
197,0.9999981,1.0,1
198,0.9968401,1.0,1
199,0.99995744,1.0,1
200,0.9988564,1.0,1
201,0.1041427,-1.0,1
202,0.9890237,1.0,1
203,0.83834445,1.0,1
204,0.9953917,1.0,1
205,0.99120075,1.0,1
206,0.98946536,1.0,1
207,0.8845436,1.0,1
208,0.818165,1.0,1
209,0.90615493,1.0,1
210,0.31457388,-1.0,1
211,0.9998049,1.0,1
212,0.9954787,1.0,1
213,0.9897982,1.0,1
214,0.8051325,1.0,1
215,0.5791301,1.0,1
216,0.7865831,1.0,1
217,0.99747366,1.0,1
218,0.9959429,1.0,1
219,0.9998115,1.0,1
220,0.03274736,-1.0,1
221,0.97416353,1.0,1
222,0.9994586,1.0,1
223,0.43476653,-1.0,1
224,0.9959798,1.0,1
225,0.99999905,1.0,1
226,0.9996841,1.0,1
227,0.95503837,1.0,1
228,0.99068344,1.0,1
229,0.99976224,1.0,1
230,0.9992705,1.0,1
231,0.7661617,1.0,1
232,0.9997689,1.0,1
233,0.5207908,1.0,1
234,0.61494225,1.0,1
235,0.43372324,-1.0,1
236,0.99969625,1.0,1
237,0.8746325,1.0,1
238,0.66236514,1.0,1
239,0.9668074,1.0,1
240,0.9656365,1.0,1
241,0.61102176,1.0,1
242,0.98845196,1.0,1
243,0.9999765,1.0,1
244,0.9999999,1.0,1
245,0.9882012,1.0,1
246,0.9999759,1.0,1
247,0.9999982,1.0,1
248,0.9982071,1.0,1
249,0.99992836,1.0,1
250,0.9214493,1.0,1
251,0.94031096,1.0,1
252,0.9999869,1.0,1
253,0.999564,1.0,1
254,0.99995637,1.0,1
255,0.9983069,1.0,1
256,0.9635089,1.0,1
257,0.99397886,1.0,1
258,0.99870586,1.0,1
259,0.6613968,1.0,1
260,0.95263225,1.0,1
261,0.88633543,1.0,1
262,0.99949336,1.0,1
263,0.9997471,1.0,1
264,0.021278389,-1.0,1
265,0.61685234,1.0,1
266,0.980078,1.0,1
267,0.6542307,1.0,1
268,0.9888843,1.0,1
269,0.9891756,1.0,1
270,0.9988845,1.0,1
271,0.9949886,1.0,1
272,0.9997328,1.0,1
273,0.999977,1.0,1
274,0.9998803,1.0,1
275,0.999524,1.0,1
276,0.999608,1.0,1
277,0.9998765,1.0,1
278,0.99873084,1.0,1
279,0.9995378,1.0,1
280,0.9999783,1.0,1
281,0.9999639,1.0,1
282,0.8413121,1.0,1
283,0.9422669,1.0,1
284,0.663561,1.0,1
285,0.99998343,1.0,1
286,0.65278274,1.0,1
287,0.9842188,1.0,1
288,0.99999845,1.0,1
289,0.999966,1.0,1
290,0.9988637,1.0,1
291,0.9998135,1.0,1
292,0.99695086,1.0,1
293,0.99819154,1.0,1
294,0.9947924,1.0,1
295,0.9941063,1.0,1
296,0.9995135,1.0,1
297,0.91348094,1.0,1
298,0.99751955,1.0,1
299,0.68967295,1.0,1
300,0.15728927,-1.0,1
301,0.81067526,1.0,1
302,0.6676295,1.0,1
303,0.6687513,1.0,1
304,0.726163,1.0,1
305,0.80160034,1.0,1
306,0.93549824,1.0,1
307,0.763488,1.0,1
308,0.89331484,1.0,1
309,0.92850643,1.0,1
310,0.9977779,1.0,1
311,0.88482136,1.0,1
312,0.94727886,1.0,1
313,0.70876575,1.0,1
314,0.995906,1.0,1
315,0.9925087,1.0,1
316,0.9995634,1.0,1
317,0.988703,1.0,1
318,0.9991984,1.0,1
319,0.39968282,-1.0,1
320,0.8992212,1.0,1
321,0.70018464,1.0,1
322,0.99492943,1.0,1
323,0.9355046,1.0,1
324,0.9988751,1.0,1
325,0.71952456,1.0,1
326,0.97151756,1.0,1
327,0.7820247,1.0,1
328,0.9547314,1.0,1
329,0.9829595,1.0,1
330,0.2939142,-1.0,1
331,0.34326628,-1.0,1
332,0.9705796,1.0,1
333,0.16734125,-1.0,1
334,0.99954647,1.0,1
335,0.9774745,1.0,1
336,0.9891732,1.0,1
337,0.9999485,1.0,1
338,0.9999807,1.0,1
339,0.9944178,1.0,1
340,0.999491,1.0,1
341,0.9562501,1.0,1
342,0.82759166,1.0,1
343,0.9993013,1.0,1
344,0.8434683,1.0,1
345,0.3901507,-1.0,1
346,0.8500042,1.0,1
347,0.99986064,1.0,1
348,0.93838394,1.0,1
349,0.99993217,1.0,1
350,0.9924654,1.0,1
351,0.8168266,1.0,1
352,0.46164578,-1.0,1
353,0.05613725,-1.0,1
354,0.92562723,1.0,1
355,0.88475144,1.0,1
356,0.7097779,1.0,1
357,0.003134353,-1.0,1
358,0.95569444,1.0,1
359,0.1895815,-1.0,1
360,0.3306756,-1.0,1
361,0.8874401,1.0,1
362,0.9239629,1.0,1
363,0.81129384,1.0,1
364,0.8672844,1.0,1
365,0.99914527,1.0,1
366,0.9998878,1.0,1
367,0.86292726,1.0,1
368,0.9994673,1.0,1
369,0.99998176,1.0,1
370,0.9987657,1.0,1
371,0.997465,1.0,1
372,0.9999169,1.0,1
373,0.99913305,1.0,1
374,0.79318523,1.0,1
375,0.99218434,1.0,1
376,0.9999012,1.0,1
377,0.29998803,-1.0,1
378,0.9998864,1.0,1
379,0.8900545,1.0,1
380,0.99309546,1.0,1
381,0.99916494,1.0,1
382,0.9986504,1.0,1
383,0.9279767,1.0,1
384,0.9120499,1.0,1
385,0.62925893,1.0,1
386,0.15049471,-1.0,1
387,0.9118759,1.0,1
388,0.9965978,1.0,1
389,0.9593458,1.0,1
390,0.99918646,1.0,1
391,0.33303475,-1.0,1
392,0.80836165,1.0,1
393,0.9999838,1.0,1
394,0.9997267,1.0,1
395,0.5805999,1.0,1
396,0.9998816,1.0,1
397,0.8314165,1.0,1
398,0.1029802,-1.0,1
399,0.9819701,1.0,1
400,0.57872033,1.0,1
401,0.9999926,1.0,1
402,0.9902654,1.0,1
403,0.33445024,-1.0,1
404,0.9977118,1.0,1
405,0.38878238,-1.0,1
406,0.08227076,-1.0,1
407,0.99648464,1.0,1
408,0.10411648,-1.0,1
409,0.97324795,1.0,1
410,0.49675876,-1.0,1
411,0.93005675,1.0,1
412,0.503529,1.0,1
413,0.994852,1.0,1
414,0.9207092,1.0,1
415,0.9991627,1.0,1
416,0.98443764,1.0,1
417,0.9949043,1.0,1
418,0.9994886,1.0,1
419,0.9988257,1.0,1
420,0.5839255,1.0,1
421,0.9510885,1.0,1
422,0.9962763,1.0,1
423,0.9999902,1.0,1
424,0.9956507,1.0,1
425,0.9726864,1.0,1
426,0.8715247,1.0,1
427,0.9995759,1.0,1
428,0.9577799,1.0,1
429,0.7141131,1.0,1
430,0.75643235,1.0,1
431,0.43445155,-1.0,1
432,0.98309225,1.0,1
433,0.9998622,1.0,1
434,0.97934383,1.0,1
435,0.87244016,1.0,1
436,0.6265938,1.0,1
437,0.15477881,-1.0,1
438,0.5223663,1.0,1
439,0.5153576,1.0,1
440,0.99853253,1.0,1
441,0.6840156,1.0,1
442,0.9979791,1.0,1
443,0.8651464,1.0,1
444,0.8663661,1.0,1
445,0.99808747,1.0,1
446,0.99328035,1.0,1
447,0.6196361,1.0,1
448,0.9987802,1.0,1
449,0.94026077,1.0,1
450,0.99979526,1.0,1
451,0.34448177,-1.0,1
452,0.57353467,1.0,1
453,0.99949276,1.0,1
454,0.9980464,1.0,1
455,0.99711144,1.0,1
456,0.9962457,1.0,1
457,0.15563686,-1.0,1
458,0.99167925,1.0,1
459,0.99187005,1.0,1
460,0.9999722,1.0,1
461,0.53718823,1.0,1
462,0.73108476,1.0,1
463,0.99986947,1.0,1
464,0.9990062,1.0,1
465,0.99031657,1.0,1
466,0.8243798,1.0,1
467,0.65470564,1.0,1
468,0.8151889,1.0,1
469,0.9358743,1.0,1
470,0.9502874,1.0,1
471,0.95869005,1.0,1
472,0.7782387,1.0,1
473,0.99997795,1.0,1
474,0.95792276,1.0,1
475,0.9951715,1.0,1
476,0.97857136,1.0,1
477,0.9997002,1.0,1
478,0.99555886,1.0,1
479,0.99911517,1.0,1
480,0.9999708,1.0,1
481,0.9989016,1.0,1
482,0.95540154,1.0,1
483,0.99997365,1.0,1
484,0.99997175,1.0,1
485,0.9768822,1.0,1
486,0.99995947,1.0,1
487,0.9982291,1.0,1
488,0.99995244,1.0,1
489,0.99750143,1.0,1
490,0.9999536,1.0,1
491,0.99995005,1.0,1
492,0.9993167,1.0,1
493,0.9997391,1.0,1
494,0.1696506,-1.0,1
495,0.1621754,-1.0,1
496,0.9998,1.0,1
497,0.9999778,1.0,1
498,0.99704057,1.0,1
499,0.94559896,1.0,1
500,0.9650895,1.0,1
501,0.9971042,1.0,1
502,0.99959224,1.0,1
503,0.99876237,1.0,1
504,0.9191568,1.0,1
505,0.72099835,1.0,1
506,0.9997365,1.0,1
507,0.9957606,1.0,1
508,0.9999105,1.0,1
509,0.6487353,1.0,1
510,0.9978362,1.0,1
511,0.9732074,1.0,1
512,0.99925894,1.0,1
513,0.6276957,1.0,1
514,0.9978877,1.0,1
515,0.97373736,1.0,1
516,0.9183594,1.0,1
517,0.011893916,-1.0,1
518,0.9862932,1.0,1
519,0.9999987,1.0,1
520,0.99990606,1.0,1
521,0.99977154,1.0,1
522,0.99993205,1.0,1
523,0.9873711,1.0,1
524,0.9999008,1.0,1
525,0.99982953,1.0,1
526,0.99924845,1.0,1
527,0.45510194,-1.0,1
528,0.9979259,1.0,1
529,0.20235881,-1.0,1
530,0.95878375,1.0,1
531,0.99387956,1.0,1
532,0.99980265,1.0,1
533,0.99966776,1.0,1
534,0.9078306,1.0,1
535,0.9949378,1.0,1
536,0.9983181,1.0,1
537,0.6596972,1.0,1
538,0.71679866,1.0,1
539,0.863116,1.0,1
540,0.87496126,1.0,1
541,0.6541382,1.0,1
542,0.9885875,1.0,1
543,0.7792887,1.0,1
544,0.9950216,1.0,1
545,0.5098237,1.0,1
546,1.0,1.0,1
547,0.9917156,1.0,1
548,0.5079595,1.0,1
549,0.99987674,1.0,1
550,0.99696726,1.0,1
551,0.905034,1.0,1
552,0.9997743,1.0,1
553,0.86355215,1.0,1
554,0.67347425,1.0,1
555,0.9980868,1.0,1
556,0.9978955,1.0,1
557,0.6773909,1.0,1
558,0.038784288,-1.0,1
559,0.9999267,1.0,1
560,0.9352258,1.0,1
561,0.3856027,-1.0,1
562,0.9542531,1.0,1
563,0.9984079,1.0,1
564,0.99502784,1.0,1
565,0.99998605,1.0,1
566,0.11225137,-1.0,1
567,0.62556976,1.0,1
568,0.9857993,1.0,1
569,0.99614245,1.0,1
570,0.9992919,1.0,1
571,0.85241586,1.0,1
572,0.42069003,-1.0,1
573,0.9995184,1.0,1
574,0.016507596,-1.0,1
575,0.86736083,1.0,1
576,0.9198771,1.0,1
577,0.6742242,1.0,1
578,0.1850159,-1.0,1
579,0.4620117,-1.0,1
580,0.18009438,-1.0,1
581,0.87168074,1.0,1
582,0.97587436,1.0,1
583,0.9949549,1.0,1
584,0.969289,1.0,1
585,0.8271315,1.0,1
586,0.92601275,1.0,1
587,0.9140477,1.0,1
588,0.84128445,1.0,1
589,0.22509287,-1.0,1
590,0.25364882,-1.0,1
591,0.95904213,1.0,1
592,0.5284193,1.0,1
593,0.5749215,1.0,1
594,0.8031995,1.0,1
595,0.52541256,1.0,1
596,0.88365394,1.0,1
597,0.9984225,1.0,1
598,0.8524111,1.0,1
599,0.9989291,1.0,1
600,0.9714826,1.0,1
601,0.7889713,1.0,1
602,0.8475725,1.0,1
603,0.91476977,1.0,1
604,0.9997477,1.0,1
605,0.84620976,1.0,1
606,0.98941326,1.0,1
607,0.56912315,1.0,1
608,0.9999759,1.0,1
609,0.9999268,1.0,1
610,0.99907315,1.0,1
611,0.9999701,1.0,1
612,0.861787,1.0,1
613,0.9985287,1.0,1
614,0.63713485,1.0,1
615,0.71957034,1.0,1
616,0.9999676,1.0,1
617,0.806491,1.0,1
618,0.67474484,1.0,1
619,0.95307374,1.0,1
620,0.9805043,1.0,1
621,0.5612683,1.0,1
622,0.97243696,1.0,1
623,0.99560046,1.0,1
624,0.97901607,1.0,1
625,0.33131817,-1.0,1
626,0.8419751,1.0,1
627,0.999977,1.0,1
628,0.9297478,1.0,1
629,0.5079749,1.0,1
630,0.98940045,1.0,1
631,0.5159534,1.0,1
632,0.9925849,1.0,1
633,0.9839947,1.0,1
634,0.9277909,1.0,1
635,0.9420461,1.0,1
636,0.66774976,1.0,1
637,0.86200565,1.0,1
638,0.7135321,1.0,1
639,0.76218873,1.0,1
640,0.98087883,1.0,1
641,0.40038505,-1.0,1
642,0.5107239,1.0,1
643,0.54374164,1.0,1
644,0.9819465,1.0,1
645,0.99941206,1.0,1
646,0.60674846,1.0,1
647,0.39396805,-1.0,1
648,0.10087274,-1.0,1
649,0.6328531,1.0,1
650,0.99988306,1.0,1
651,0.9983209,1.0,1
652,0.959636,1.0,1
653,0.9998209,1.0,1
654,0.7419594,1.0,1
655,0.8443682,1.0,1
656,0.99858093,1.0,1
657,0.98422354,1.0,1
658,0.99285626,1.0,1
659,0.98284906,1.0,1
660,0.996236,1.0,1
661,0.9979717,1.0,1
662,0.99984837,1.0,1
663,0.9479865,1.0,1
664,0.999977,1.0,1
665,0.9722216,1.0,1
666,0.9984475,1.0,1
667,0.9983729,1.0,1
668,0.99990094,1.0,1
669,0.9988418,1.0,1
670,0.9988103,1.0,1
671,0.991034,1.0,1
672,0.9366558,1.0,1
673,0.9834388,1.0,1
674,1.0,1.0,1
675,0.9993537,1.0,1
676,0.85198563,1.0,1
677,0.84113127,1.0,1
678,0.9997596,1.0,1
679,0.9992924,1.0,1
680,0.99867576,1.0,1
681,0.620551,1.0,1
682,0.9994111,1.0,1
683,0.99677736,1.0,1
684,0.9999862,1.0,1
685,0.9989592,1.0,1
686,0.9959804,1.0,1
687,0.8325713,1.0,1
688,0.5827808,1.0,1
689,0.8366084,1.0,1
690,0.62590414,1.0,1
691,0.7498701,1.0,1
692,0.55287343,1.0,1
693,0.87754685,1.0,1
694,0.68565786,1.0,1
695,0.6938476,1.0,1
696,0.99770015,1.0,1
697,0.74614835,1.0,1
698,0.4688608,-1.0,1
699,0.99846053,1.0,1
700,0.99994946,1.0,1
701,0.9991929,1.0,1
702,0.99992645,1.0,1
703,0.9666473,1.0,1
704,0.99993896,1.0,1
705,0.9904522,1.0,1
706,0.99999034,1.0,1
707,0.013446625,-1.0,1
708,0.9573121,1.0,1
709,0.99609214,1.0,1
710,0.9896861,1.0,1
711,0.7099819,1.0,1
712,0.7066981,1.0,1
713,0.547606,1.0,1
714,0.24947979,-1.0,1
715,0.37615004,-1.0,1
716,0.846778,1.0,1
717,0.99828184,1.0,1
718,0.66200244,1.0,1
719,0.99940634,1.0,1
720,0.9981914,1.0,1
721,0.9145987,1.0,1
722,0.9990582,1.0,1
723,0.96541125,1.0,1
724,0.9999043,1.0,1
725,0.9999392,1.0,1
726,0.99997306,1.0,1
727,0.9040367,1.0,1
728,0.9998791,1.0,1
729,0.6476963,1.0,1
730,0.91556,1.0,1
731,0.013929495,-1.0,1
732,0.73628765,1.0,1
733,0.99501747,1.0,1
734,0.8468711,1.0,1
735,0.7853719,1.0,1
736,0.87943375,1.0,1
737,0.9673643,1.0,1
738,0.5791255,1.0,1
739,0.95499855,1.0,1
740,0.8406154,1.0,1
741,0.99996376,1.0,1
742,0.9999896,1.0,1
743,0.99212945,1.0,1
744,0.29019657,-1.0,1
745,0.9924614,1.0,1
746,0.78423023,1.0,1
747,0.5915928,1.0,1
748,0.8749951,1.0,1
749,0.9330919,1.0,1
750,0.998346,1.0,1
751,0.9831161,1.0,1
752,0.9997235,1.0,1
753,0.9999734,1.0,1
754,0.9996618,1.0,1
755,0.93448424,1.0,1
756,0.037261497,-1.0,1
757,0.99099874,1.0,1
758,0.9999963,1.0,1
759,0.6309897,1.0,1
760,0.9329374,1.0,1
761,0.58556306,1.0,1
762,0.99819934,1.0,1
763,0.9589468,1.0,1
764,0.07791595,-1.0,1
765,0.27597666,-1.0,1
766,0.9999881,1.0,1
767,0.9976966,1.0,1
768,0.9989322,1.0,1
769,0.999979,1.0,1
770,0.4796318,-1.0,1
771,0.9765063,1.0,1
772,0.15913017,-1.0,1
773,0.98984325,1.0,1
774,0.9999628,1.0,1
775,0.99978465,1.0,1
776,0.9994862,1.0,1
777,0.997552,1.0,1
778,0.9983199,1.0,1
779,0.9999999,1.0,1
780,0.9999876,1.0,1
781,0.9996462,1.0,1
782,0.9999982,1.0,1
783,0.9999094,1.0,1
784,0.9999989,1.0,1
785,0.99953353,1.0,1
786,0.9996209,1.0,1
787,0.49064347,-1.0,1
788,0.9999902,1.0,1
789,0.99995697,1.0,1
790,0.99457365,1.0,1
791,0.99987304,1.0,1
792,0.9999889,1.0,1
793,0.9997174,1.0,1
794,0.9999845,1.0,1
795,0.999972,1.0,1
796,0.9802035,1.0,1
797,0.2487205,-1.0,1
798,0.9820067,1.0,1
799,0.9848347,1.0,1
800,0.9922125,1.0,1
801,0.97484946,1.0,1
802,0.6505183,1.0,1
803,0.98978895,1.0,1
804,0.99703974,1.0,1
805,0.9977471,1.0,1
806,0.9412036,1.0,1
807,0.99641824,1.0,1
808,0.9986443,1.0,1
809,0.18346812,-1.0,1
810,0.9886563,1.0,1
811,0.8272349,1.0,1
812,0.8597245,1.0,1
813,0.82353765,1.0,1
814,0.7874971,1.0,1
815,0.9996302,1.0,1
816,0.9653056,1.0,1
817,0.991516,1.0,1
818,0.49668568,-1.0,1
819,0.011701615,-1.0,1
820,0.46424365,-1.0,1
821,0.64606875,1.0,1
822,0.9999409,1.0,1
823,0.7794589,1.0,1
824,0.7899596,1.0,1
825,0.15334295,-1.0,1
826,0.77782625,1.0,1
827,0.9686022,1.0,1
828,0.99705267,1.0,1
829,0.9454034,1.0,1
830,0.51283044,1.0,1
831,0.95541936,1.0,1
832,0.9999969,1.0,1
833,0.9947925,1.0,1
834,0.9966966,1.0,1
835,0.9976562,1.0,1
836,0.8868619,1.0,1
837,0.9668308,1.0,1
838,0.3368201,-1.0,1
839,0.9900496,1.0,1
840,0.1649297,-1.0,1
841,0.51356965,1.0,1
842,0.9242267,1.0,1
843,0.93671596,1.0,1
844,0.997905,1.0,1
845,0.9999758,1.0,1
846,0.99995816,1.0,1
847,0.999113,1.0,1
848,0.99994636,1.0,1
849,0.9995515,1.0,1
850,0.9519829,1.0,1
851,0.81400555,1.0,1
852,0.7310948,1.0,1
853,0.9994118,1.0,1
854,0.99950624,1.0,1
855,0.9910295,1.0,1
856,0.99240416,1.0,1
857,0.99479985,1.0,1
858,0.9801092,1.0,1
859,0.9999746,1.0,1
860,0.9999813,1.0,1
861,0.9887107,1.0,1
862,0.46454176,-1.0,1
863,0.7816761,1.0,1
864,0.9742099,1.0,1
865,0.99634016,1.0,1
866,0.99910504,1.0,1
867,0.87549996,1.0,1
868,0.99999714,1.0,1
869,0.9993777,1.0,1
870,0.9999964,1.0,1
871,0.9778529,1.0,1
872,0.9999944,1.0,1
873,0.43450505,-1.0,1
874,0.7541959,1.0,1
875,0.998963,1.0,1
876,0.8281382,1.0,1
877,0.6364373,1.0,1
878,0.9999075,1.0,1
879,0.37311438,-1.0,1
880,0.97403145,1.0,1
881,0.6341421,1.0,1
882,0.9982638,1.0,1
883,0.027197141,-1.0,1
884,0.73121876,1.0,1
885,0.99790275,1.0,1
886,0.9988945,1.0,1
887,0.99992585,1.0,1
888,0.99977416,1.0,1
889,0.0064205667,-1.0,1
890,0.97347224,1.0,1
891,0.999985,1.0,1
892,0.99996877,1.0,1
893,0.8142252,1.0,1
894,0.7565658,1.0,1
895,0.59149265,1.0,1
896,0.9573679,1.0,1
897,0.23979205,-1.0,1
898,0.9995453,1.0,1
899,0.99930036,1.0,1
900,0.9999995,1.0,1
901,0.99999833,1.0,1
902,0.999485,1.0,1
903,0.9887931,1.0,1
904,0.4736673,-1.0,1
905,0.893106,1.0,1
906,0.99136615,1.0,1
907,0.9980142,1.0,1
908,0.856928,1.0,1
909,0.24732223,-1.0,1
910,0.9320977,1.0,1
911,0.76987493,1.0,1
912,0.99143267,1.0,1
913,0.99347126,1.0,1
914,1.0,1.0,1
915,0.11264499,-1.0,1
916,0.9511575,1.0,1
917,0.7757295,1.0,1
918,0.99217004,1.0,1
919,0.9973719,1.0,1
920,0.27230033,-1.0,1
921,0.9868679,1.0,1
922,0.11198861,-1.0,1
923,0.119501,-1.0,1
924,0.9999608,1.0,1
925,0.69424963,1.0,1
926,0.9998648,1.0,1
927,0.9914478,1.0,1
928,0.9914665,1.0,1
929,0.9979303,1.0,1
930,0.831657,1.0,1
931,0.9999987,1.0,1
932,0.9996277,1.0,1
933,0.02571324,-1.0,1
934,0.99990857,1.0,1
935,0.99999964,1.0,1
936,0.99992967,1.0,1
937,0.99995244,1.0,1
938,0.6353667,1.0,1
939,0.7384355,1.0,1
940,0.8764548,1.0,1
941,0.66156065,1.0,1
942,1.0,1.0,1
943,0.9997112,1.0,1
944,0.99767023,1.0,1
945,0.9995912,1.0,1
946,0.9991387,1.0,1
947,0.9984054,1.0,1
948,0.120958455,-1.0,1
949,0.9568328,1.0,1
950,0.9991061,1.0,1
951,0.99912196,1.0,1
952,0.7869349,1.0,1
953,0.9236243,1.0,1
954,0.9967422,1.0,1
955,0.9994373,1.0,1
956,0.020781767,-1.0,1
957,0.9997209,1.0,1
958,0.9999738,1.0,1
959,0.9927239,1.0,1
960,0.9974573,1.0,1
961,0.9997367,1.0,1
962,0.59709513,1.0,1
963,0.7615483,1.0,1
964,0.17385219,-1.0,1
965,0.99814844,1.0,1
966,0.9999348,1.0,1
967,0.9997317,1.0,1
968,0.99999046,1.0,1
969,0.03538271,-1.0,1
970,0.9991529,1.0,1
971,0.98726255,1.0,1
972,0.99571264,1.0,1
973,0.99951696,1.0,1
974,0.9985304,1.0,1
975,0.9995408,1.0,1
976,0.9944676,1.0,1
977,0.7340694,1.0,1
978,0.9999989,1.0,1
979,0.9997917,1.0,1
980,0.9976941,1.0,1
981,0.9999987,1.0,1
982,0.99932504,1.0,1
983,0.9813136,1.0,1
984,0.99837935,1.0,1
985,0.99889684,1.0,1
986,0.7851745,1.0,1
987,0.48758674,-1.0,1
988,0.8794847,1.0,1
989,0.9999926,1.0,1
990,0.9996935,1.0,1
991,0.9993143,1.0,1
992,0.67680883,1.0,1
993,0.7214612,1.0,1
994,0.032109242,-1.0,1
995,0.9788462,1.0,1
996,0.99988747,1.0,1
997,0.99994373,1.0,1
998,0.999995,1.0,1
999,0.99925095,1.0,1
1000,0.99997735,1.0,1
1001,0.9838064,1.0,1
1002,0.9979777,1.0,1
1003,0.9995677,1.0,1
1004,0.9991755,1.0,1
1005,0.9829884,1.0,1
1006,0.9999976,1.0,1
1007,0.9969393,1.0,1
1008,0.99621624,1.0,1
1009,0.9995467,1.0,1
1010,0.23941027,-1.0,1
1011,0.4902622,-1.0,1
1012,0.4038402,-1.0,1
1013,0.99974483,1.0,1
1014,0.64992934,1.0,1
1015,0.9922586,1.0,1
1016,0.99996996,1.0,1
1017,1.0,1.0,1
1018,0.063659124,-1.0,1
1019,0.99986494,1.0,1
1020,0.88478374,1.0,1
1021,0.9886509,1.0,1
1022,0.9933682,1.0,1
1023,0.87580055,1.0,1
1024,1.0,1.0,1
1025,0.9992748,1.0,1
1026,0.14904436,-1.0,1
1027,0.92331827,1.0,1
1028,0.90377146,1.0,1
1029,0.9523678,1.0,1
1030,0.9934088,1.0,1
1031,0.9971903,1.0,1
1032,0.8474803,1.0,1
1033,0.35364383,-1.0,1
1034,0.95886177,1.0,1
1035,0.60722345,1.0,1
1036,0.4182879,-1.0,1
1037,0.6192076,1.0,1
1038,0.93081635,1.0,1
1039,0.99980074,1.0,1
1040,0.99916065,1.0,1
1041,0.9470474,1.0,1
1042,0.96314406,1.0,1
1043,0.99861324,1.0,1
1044,0.97479236,1.0,1
1045,0.0033583895,-1.0,1
1046,0.92603177,1.0,1
1047,0.97638786,1.0,1
1048,0.9047706,1.0,1
1049,0.85364205,1.0,1
1050,0.4330172,-1.0,1
1051,0.60253,1.0,1
1052,0.98965025,1.0,1
1053,0.99706,1.0,1
1054,0.99772555,1.0,1
1055,0.91151917,1.0,1
1056,0.9951513,1.0,1
1057,0.99981385,1.0,1
1058,0.82861555,1.0,1
1059,0.99826425,1.0,1
1060,0.9756864,1.0,1
1061,0.99997044,1.0,1
1062,0.9827576,1.0,1
1063,0.85453814,1.0,1
1064,0.46149543,-1.0,1
1065,0.6918831,1.0,1
1066,0.19240168,-1.0,1
1067,0.008558635,-1.0,1
1068,0.9999856,1.0,1
1069,0.97647446,1.0,1
1070,0.90252906,1.0,1
1071,0.9822649,1.0,1
1072,0.9784788,1.0,1
1073,0.15249208,-1.0,1
1074,0.24613813,-1.0,1
1075,0.9999956,1.0,1
1076,0.99993885,1.0,1
1077,0.99826896,1.0,1
1078,0.4803442,-1.0,1
1079,0.94376534,1.0,1
1080,0.18073417,-1.0,1
1081,0.1196204,-1.0,1
1082,0.99886465,1.0,1
1083,0.9976782,1.0,1
1084,0.9983315,1.0,1
1085,0.9999989,1.0,1
1086,0.9996817,1.0,1
1087,0.9995316,1.0,1
1088,0.82366705,1.0,1
1089,0.31218874,-1.0,1
1090,0.9934023,1.0,1
1091,0.9982564,1.0,1
1092,0.99955326,1.0,1
1093,0.4784163,-1.0,1
1094,0.13013068,-1.0,1
1095,0.8147549,1.0,1
1096,0.9621717,1.0,1
1097,0.99726045,1.0,1
1098,0.9387644,1.0,1
1099,0.93739307,1.0,1
1100,0.9757387,1.0,1
1101,0.9763657,1.0,1
1102,0.7030997,1.0,1
1103,0.9939488,1.0,1
1104,0.92333007,1.0,1
1105,0.9610694,1.0,1
1106,0.93038344,1.0,1
1107,0.9689984,1.0,1
1108,0.8845756,1.0,1
1109,0.98610747,1.0,1
1110,0.8241455,1.0,1
1111,0.9645188,1.0,1
1112,0.21393564,-1.0,1
1113,0.6891499,1.0,1
1114,0.96338695,1.0,1
1115,0.010479909,-1.0,1
1116,0.99834514,1.0,1
1117,0.9936155,1.0,1
1118,0.9996753,1.0,1
1119,0.9877103,1.0,1
1120,0.9136105,1.0,1
1121,0.5371104,1.0,1
1122,0.9979114,1.0,1
1123,0.59836936,1.0,1
1124,0.99820435,1.0,1
1125,0.8923442,1.0,1
1126,0.99999964,1.0,1
1127,0.7390796,1.0,1
1128,0.8444888,1.0,1
1129,0.29619205,-1.0,1
1130,0.99868935,1.0,1
1131,0.610479,1.0,1
1132,0.023815377,-1.0,1
1133,0.98870915,1.0,1
1134,0.78114635,1.0,1
1135,0.98638237,1.0,1
1136,0.88681,1.0,1
1137,0.57806426,1.0,1
1138,0.49974358,-1.0,1
1139,0.96813273,1.0,1
1140,0.9848327,1.0,1
1141,0.23875333,-1.0,1
1142,0.85221547,1.0,1
1143,0.51871914,1.0,1
1144,0.05448651,-1.0,1
1145,0.15606193,-1.0,1
1146,0.9988261,1.0,1
1147,0.96194667,1.0,1
1148,0.005170289,-1.0,1
1149,0.9992384,1.0,1
1150,0.8302044,1.0,1
1151,0.9733599,1.0,1
1152,0.96014285,1.0,1
1153,0.49216074,-1.0,1
1154,0.99941957,1.0,1
1155,0.99996936,1.0,1
1156,0.69770163,1.0,1
1157,1.0,1.0,1
1158,0.9999633,1.0,1
1159,0.28105956,-1.0,1
1160,0.9967926,1.0,1
1161,0.67193377,1.0,1
1162,0.80614424,1.0,1
1163,0.9949126,1.0,1
1164,0.9980836,1.0,1
1165,0.9988361,1.0,1
1166,0.13069385,-1.0,1
1167,0.9514215,1.0,1
1168,0.6391731,1.0,1
1169,0.33330157,-1.0,1
1170,0.998988,1.0,1
1171,0.9999945,1.0,1
1172,0.99999607,1.0,1
1173,0.9993432,1.0,1
1174,0.9245873,1.0,1
1175,0.084340155,-1.0,1
1176,0.91256124,1.0,1
1177,0.99845195,1.0,1
1178,0.9999988,1.0,1
1179,0.99009717,1.0,1
1180,0.4319657,-1.0,1
1181,0.017612828,-1.0,1
1182,0.99852186,1.0,1
1183,0.741908,1.0,1
1184,0.9910261,1.0,1
1185,0.8693223,1.0,1
1186,0.99990463,1.0,1
1187,0.8676628,1.0,1
1188,0.9998248,1.0,1
1189,0.8071805,1.0,1
1190,0.9999981,1.0,1
1191,0.99995244,1.0,1
1192,0.9957942,1.0,1
1193,0.64202297,1.0,1
1194,0.9997036,1.0,1
1195,0.99998605,1.0,1
1196,0.99985397,1.0,1
1197,0.9862054,1.0,1
1198,0.7947484,1.0,1
1199,0.16261758,-1.0,1
1200,0.86530364,1.0,1
1201,0.99848026,1.0,1
1202,0.9935703,1.0,1
1203,0.9423655,1.0,1
1204,0.9968515,1.0,1
1205,0.025536684,-1.0,1
1206,0.997115,1.0,1
1207,0.9997261,1.0,1
1208,0.23251209,-1.0,1
1209,0.45984262,-1.0,1
1210,0.7257344,1.0,1
1211,0.85908055,1.0,1
1212,0.960281,1.0,1
1213,0.9716737,1.0,1
1214,0.99690706,1.0,1
1215,0.8729176,1.0,1
1216,0.8192142,1.0,1
1217,0.99884844,1.0,1
1218,0.7538433,1.0,1
1219,0.99966216,1.0,1
1220,0.99520254,1.0,1
1221,0.787438,1.0,1
1222,0.8972256,1.0,1
1223,0.97652334,1.0,1
1224,0.94899553,1.0,1
1225,0.9969688,1.0,1
1226,0.9657291,1.0,1
1227,0.9855627,1.0,1
1228,0.69950324,1.0,1
1229,0.9956196,1.0,1
1230,0.8180086,1.0,1
1231,0.19684353,-1.0,1
1232,0.9985524,1.0,1
1233,0.99922013,1.0,1
1234,0.078556895,-1.0,1
1235,0.57084155,1.0,1
1236,0.9937769,1.0,1
1237,0.32766318,-1.0,1
1238,0.9958573,1.0,1
1239,0.99999416,1.0,1
1240,0.74634427,1.0,1
1241,0.96574956,1.0,1
1242,0.37049598,-1.0,1
1243,0.9999887,1.0,1
1244,0.99582916,1.0,1
1245,0.9999958,1.0,1
1246,0.32817128,-1.0,1
1247,0.9990441,1.0,1
1248,0.9999176,1.0,1
1249,0.9999969,1.0,1
1250,0.25456244,-1.0,1
1251,0.72684824,1.0,1
1252,0.5663101,1.0,1
1253,0.95570207,1.0,1
1254,0.9992861,1.0,1
1255,0.9986437,1.0,1
1256,0.977799,1.0,1
1257,0.98072124,1.0,1
1258,0.9991103,1.0,1
1259,0.97912025,1.0,1
1260,0.8490157,1.0,1
1261,0.062494785,-1.0,1
1262,0.9790173,1.0,1
1263,0.9995161,1.0,1
1264,0.64184004,1.0,1
1265,0.9914151,1.0,1
1266,0.11675667,-1.0,1
1267,0.99500895,1.0,1
1268,0.9032306,1.0,1
1269,0.90666896,1.0,1
1270,0.047709465,-1.0,1
1271,0.99860317,1.0,1
1272,0.8934209,1.0,1
1273,0.99956924,1.0,1
1274,0.012550711,-1.0,1
1275,0.9999944,1.0,1
1276,0.91699773,1.0,1
1277,0.99997854,1.0,1
1278,0.9974806,1.0,1
1279,0.4052994,-1.0,1
1280,0.9974414,1.0,1
1281,0.11740747,-1.0,1
1282,0.38965258,-1.0,1
1283,0.9930825,1.0,1
1284,0.47517473,-1.0,1
1285,1.0,1.0,1
1286,0.99984014,1.0,1
1287,0.024928771,-1.0,1
1288,0.9999769,1.0,1
1289,0.99946505,1.0,1
1290,0.99999964,1.0,1
1291,0.9999968,1.0,1
1292,0.9999341,1.0,1
1293,0.99454474,1.0,1
1294,0.99966717,1.0,1
1295,0.9999995,1.0,1
1296,0.9999882,1.0,1
1297,0.9987387,1.0,1
1298,0.9205733,1.0,1
1299,0.0025020465,-1.0,1
1300,0.9999982,1.0,1
1301,0.9999993,1.0,1
1302,0.9996697,1.0,1
1303,0.99291044,1.0,1
1304,1.0,1.0,1
1305,1.0,1.0,1
1306,0.9999399,1.0,1
1307,0.6929084,1.0,1
1308,0.9999994,1.0,1
1309,0.99938655,1.0,1
1310,0.99999917,1.0,1
1311,0.99999905,1.0,1
1312,1.0,1.0,1
1313,0.99998343,1.0,1
1314,0.9996927,1.0,1
1315,1.0,1.0,1
1316,0.9999511,1.0,1
1317,0.9996854,1.0,1
1318,0.91481405,1.0,1
1319,0.3438921,-1.0,1
1320,0.9840403,1.0,1
1321,0.9999989,1.0,1
1322,0.9566938,1.0,1
1323,0.9990971,1.0,1
1324,0.9982816,1.0,1
1325,0.9999989,1.0,1
1326,0.9999887,1.0,1
1327,0.99999976,1.0,1
1328,0.9999913,1.0,1
1329,0.99939907,1.0,1
1330,0.99999964,1.0,1
1331,0.47748646,-1.0,1
1332,0.9383049,1.0,1
1333,0.9990814,1.0,1
1334,0.99890983,1.0,1
1335,0.99880445,1.0,1
1336,1.0,1.0,1
1337,0.94392693,1.0,1
1338,0.996743,1.0,1
1339,0.999835,1.0,1
1340,0.9994228,1.0,1
1341,0.9999999,1.0,1
1342,0.9999976,1.0,1
1343,0.99996006,1.0,1
1344,0.9902194,1.0,1
1345,0.9977196,1.0,1
1346,0.99999905,1.0,1
1347,0.995249,1.0,1
1348,0.113111615,-1.0,1
1349,0.9970483,1.0,1
1350,0.9991504,1.0,1
1351,0.9999802,1.0,1
1352,0.9999982,1.0,1
1353,0.9616479,1.0,1
1354,0.9996132,1.0,1
1355,0.9840152,1.0,1
1356,0.99991345,1.0,1
1357,0.99999535,1.0,1
1358,0.99971706,1.0,1
1359,0.9999827,1.0,1
1360,0.6849699,1.0,1
1361,0.1990435,-1.0,1
1362,0.9996685,1.0,1
1363,0.006653074,-1.0,1
1364,0.9807638,1.0,1
1365,0.17937742,-1.0,1
1366,0.01508235,-1.0,1
1367,0.9942373,1.0,1
1368,0.9895779,1.0,1
1369,0.9984987,1.0,1
1370,0.99997926,1.0,1
1371,0.90164274,1.0,1
1372,0.96383613,1.0,1
1373,0.2817596,-1.0,1
1374,0.9999907,1.0,1
1375,0.99994993,1.0,1
1376,0.9713769,1.0,1
1377,0.9809254,1.0,1
1378,0.99999654,1.0,1
1379,0.9999995,1.0,1
1380,0.99999726,1.0,1
1381,0.9999999,1.0,1
1382,0.9339324,1.0,1
1383,0.9999027,1.0,1
1384,0.9984236,1.0,1
1385,0.99918455,1.0,1
1386,0.7379535,1.0,1
1387,0.99193877,1.0,1
1388,0.99983025,1.0,1
1389,0.05205307,-1.0,1
1390,0.99758756,1.0,1
1391,0.9999995,1.0,1
1392,0.9999862,1.0,1
1393,0.99999785,1.0,1
1394,0.999703,1.0,1
1395,0.9999995,1.0,1
1396,0.7883384,1.0,1
1397,0.9999975,1.0,1
1398,0.46588033,-1.0,1
1399,0.9568445,1.0,1
1400,0.99995553,1.0,1
1401,0.9998697,1.0,1
1402,0.9981597,1.0,1
1403,1.0,1.0,1
1404,0.9890324,1.0,1
1405,0.9999968,1.0,1
1406,0.99960047,1.0,1
1407,0.9998123,1.0,1
1408,0.9999944,1.0,1
1409,0.99969876,1.0,1
1410,0.99999666,1.0,1
1411,0.9999987,1.0,1
1412,0.9999914,1.0,1
1413,0.998178,1.0,1
1414,0.9942555,1.0,1
1415,0.99999404,1.0,1
1416,0.98037624,1.0,1
1417,0.99994874,1.0,1
1418,0.99286026,1.0,1
1419,0.88606614,1.0,1
1420,0.9999664,1.0,1
1421,0.9999974,1.0,1
1422,0.99808526,1.0,1
1423,0.88993675,1.0,1
1424,0.999974,1.0,1
1425,0.9997868,1.0,1
1426,0.99999976,1.0,1
1427,0.9999976,1.0,1
1428,0.99967945,1.0,1
1429,0.9974011,1.0,1
1430,0.99303085,1.0,1
1431,1.0,1.0,1
1432,0.99999905,1.0,1
1433,0.99441445,1.0,1
1434,0.75936735,1.0,1
1435,0.9094113,1.0,1
1436,0.99999726,1.0,1
1437,0.73839515,1.0,1
1438,0.94970465,1.0,1
1439,0.9995758,1.0,1
1440,0.97598845,1.0,1
1441,0.99310267,1.0,1
1442,0.9437357,1.0,1
1443,0.50492114,1.0,1
1444,0.9501983,1.0,1
1445,0.99990094,1.0,1
1446,0.99989796,1.0,1
1447,0.9999907,1.0,1
1448,0.9999927,1.0,1
1449,0.99982697,1.0,1
1450,0.9999974,1.0,1
1451,0.9690316,1.0,1
1452,0.99479634,1.0,1
1453,0.92553025,1.0,1
1454,0.086416304,-1.0,1
1455,0.9996087,1.0,1
1456,0.95714015,1.0,1
1457,0.7598492,1.0,1
1458,0.4298517,-1.0,1
1459,0.6602532,1.0,1
1460,0.91278267,1.0,1
1461,0.99934,1.0,1
1462,0.02645859,-1.0,1
1463,0.85430986,1.0,1
1464,0.99196637,1.0,1
1465,0.9999516,1.0,1
1466,0.63804835,1.0,1
1467,0.6858945,1.0,1
1468,0.99392223,1.0,1
1469,0.00810946,-1.0,1
1470,0.9999988,1.0,1
1471,0.9166057,1.0,1
1472,0.9999882,1.0,1
1473,0.9962727,1.0,1
1474,0.93839484,1.0,1
1475,0.9901759,1.0,1
1476,0.9771667,1.0,1
1477,0.9999962,1.0,1
1478,0.9999994,1.0,1
1479,0.99999976,1.0,1
1480,0.99999225,1.0,1
1481,0.640385,1.0,1
1482,0.99608034,1.0,1
1483,0.90514004,1.0,1
1484,0.16959411,-1.0,1
1485,0.999997,1.0,1
1486,0.9999844,1.0,1
1487,0.9986002,1.0,1
1488,0.38317138,-1.0,1
1489,0.80847263,1.0,1
1490,0.23828916,-1.0,1
1491,0.99642843,1.0,1
1492,0.9926923,1.0,1
1493,0.9999883,1.0,1
1494,0.9999851,1.0,1
1495,0.98341596,1.0,1
1496,0.9982974,1.0,1
1497,0.99999154,1.0,1
1498,0.9996259,1.0,1
1499,0.4958706,-1.0,1
1500,0.9999918,1.0,1
1501,0.9999882,1.0,1
1502,0.004361798,-1.0,1
1503,0.9981614,1.0,1
1504,0.999997,1.0,1
1505,0.9989967,1.0,1
1506,1.0,1.0,1
1507,0.995069,1.0,1
1508,0.38326132,-1.0,1
1509,0.95351,1.0,1
1510,0.9997707,1.0,1
1511,0.93794745,1.0,1
1512,0.999012,1.0,1
1513,0.85251456,1.0,1
1514,0.99875295,1.0,1
1515,0.9168985,1.0,1
1516,0.9992637,1.0,1
1517,0.9510029,1.0,1
1518,0.97575563,1.0,1
1519,0.81834227,1.0,1
1520,0.77526695,1.0,1
1521,0.9999989,1.0,1
1522,0.99971,1.0,1
1523,0.957245,1.0,1
1524,0.999629,1.0,1
1525,0.91787124,1.0,1
1526,0.99996376,1.0,1
1527,0.99800354,1.0,1
1528,0.99999547,1.0,1
1529,0.9043477,1.0,1
1530,0.690572,1.0,1
1531,0.99935323,1.0,1
1532,0.9734484,1.0,1
1533,0.9999995,1.0,1
1534,0.9785176,1.0,1
1535,0.9991178,1.0,1
1536,0.99831736,1.0,1
1537,0.99596846,1.0,1
1538,0.9994522,1.0,1
1539,0.7598554,1.0,1
1540,0.9999975,1.0,1
1541,0.9988643,1.0,1
1542,0.9999758,1.0,1
1543,0.41706565,-1.0,1
1544,0.99999166,1.0,1
1545,0.958752,1.0,1
1546,0.99963796,1.0,1
1547,0.8663316,1.0,1
1548,0.99985814,1.0,1
1549,0.999479,1.0,1
1550,0.9999685,1.0,1
1551,0.9999765,1.0,1
1552,0.99974746,1.0,1
1553,0.97101766,1.0,1
1554,0.9999926,1.0,1
1555,1.0,1.0,1
1556,0.8928846,1.0,1
1557,0.99999654,1.0,1
1558,0.101112396,-1.0,1
1559,0.99291855,1.0,1
1560,0.9998109,1.0,1
1561,0.9999999,1.0,1
1562,0.9830273,1.0,1
1563,0.10444599,-1.0,1
1564,0.9211172,1.0,1
1565,0.99135625,1.0,1
1566,0.028673256,-1.0,1
1567,0.9997323,1.0,1
1568,0.012034278,-1.0,1
1569,0.888487,1.0,1
1570,0.038534176,-1.0,1
1571,0.9997008,1.0,1
1572,0.39254,-1.0,1
1573,0.9999995,1.0,1
1574,0.051228322,-1.0,1
1575,0.9746167,1.0,1
1576,0.9893477,1.0,1
1577,0.9999912,1.0,1
1578,0.9957463,1.0,1
1579,0.9108018,1.0,1
1580,0.9770105,1.0,1
1581,0.98895836,1.0,1
1582,0.3459867,-1.0,1
1583,0.010313784,-1.0,1
1584,0.9690485,1.0,1
1585,0.9999999,1.0,1
1586,0.91611004,1.0,1
1587,0.8235758,1.0,1
1588,0.9997985,1.0,1
1589,0.15728785,-1.0,1
1590,0.9112276,1.0,1
1591,0.5191059,1.0,1
1592,0.20931035,-1.0,1
1593,0.55043066,1.0,1
1594,0.29543576,-1.0,1
1595,0.5255188,1.0,1
1596,0.63434416,1.0,1
1597,0.9841658,1.0,1
1598,0.7650462,1.0,1
1599,0.35318145,-1.0,1
1600,0.7374899,1.0,1
1601,0.99646664,1.0,1
1602,0.99999857,1.0,1
1603,0.990338,1.0,1
1604,0.8348051,1.0,1
1605,0.30384102,-1.0,1
1606,0.38433996,-1.0,1
1607,0.56380147,1.0,1
1608,0.6821236,1.0,1
1609,0.46231034,-1.0,1
1610,0.9784082,1.0,1
1611,0.116778746,-1.0,1
1612,0.8805942,1.0,1
1613,0.47274733,-1.0,1
1614,0.9987901,1.0,1
1615,0.9972187,1.0,1
1616,0.98760045,1.0,1
1617,0.535283,1.0,1
1618,0.9001545,1.0,1
1619,0.6157321,1.0,1
1620,0.012421042,-1.0,1
1621,0.04934907,-1.0,1
1622,0.99999964,1.0,1
1623,0.999729,1.0,1
1624,0.9998659,1.0,1
1625,0.8665215,1.0,1
1626,0.99999857,1.0,1
1627,0.9349668,1.0,1
1628,0.31001797,-1.0,1
1629,0.98121256,1.0,1
1630,0.9999927,1.0,1
1631,0.9992481,1.0,1
1632,0.0478707,-1.0,1
1633,0.4898991,-1.0,1
1634,0.97811735,1.0,1
1635,0.5750469,1.0,1
1636,0.9270697,1.0,1
1637,0.19304846,-1.0,1
1638,0.05146117,-1.0,1
1639,0.91114414,1.0,1
1640,0.58628047,1.0,1
1641,0.055312097,-1.0,1
1642,0.009334295,-1.0,1
1643,0.026777452,-1.0,1
1644,0.9999403,1.0,1
1645,0.33076012,-1.0,1
1646,0.9642117,1.0,1
1647,0.47909027,-1.0,1
1648,0.044834577,-1.0,1
1649,0.96800417,1.0,1
1650,0.39084756,-1.0,1
1651,0.4993493,-1.0,1
1652,0.99986434,1.0,1
1653,0.91466516,1.0,1
1654,0.5342471,1.0,1
1655,0.95763206,1.0,1
1656,0.99661404,1.0,1
1657,0.1644971,-1.0,1
1658,0.2403145,-1.0,1
1659,0.97104454,1.0,1
1660,0.9977584,1.0,1
1661,0.99979836,1.0,1
1662,0.9247356,1.0,1
1663,0.31004354,-1.0,1
1664,0.5162392,1.0,1
1665,0.54762256,1.0,1
1666,0.485344,-1.0,1
1667,0.7065771,1.0,1
1668,0.66477877,1.0,1
1669,0.04505154,-1.0,1
1670,0.9936392,1.0,1
1671,0.99936694,1.0,1
1672,0.98762333,1.0,1
1673,0.9926058,1.0,1
1674,0.8036624,1.0,1
1675,0.99972886,1.0,1
1676,0.7398883,1.0,1
1677,0.99972147,1.0,1
1678,0.99954957,1.0,1
1679,0.18639053,-1.0,1
1680,0.16576555,-1.0,1
1681,0.79571325,1.0,1
1682,0.69749296,1.0,1
1683,0.9983789,1.0,1
1684,0.65798235,1.0,1
1685,0.99131376,1.0,1
1686,0.98248947,1.0,1
1687,0.46339878,-1.0,1
1688,0.993457,1.0,1
1689,1.0,1.0,1
1690,0.9994142,1.0,1
1691,0.70850277,1.0,1
1692,0.9961202,1.0,1
1693,0.9999567,1.0,1
1694,0.99984705,1.0,1
1695,0.9996339,1.0,1
1696,0.9627681,1.0,1
1697,0.88864714,1.0,1
1698,0.4614486,-1.0,1
1699,0.99420244,1.0,1
1700,0.38848564,-1.0,1
1701,0.8767214,1.0,1
1702,0.99993396,1.0,1
1703,0.98815036,1.0,1
1704,0.91719234,1.0,1
1705,0.7127262,1.0,1
1706,0.8749233,1.0,1
1707,0.99867886,1.0,1
1708,0.9885217,1.0,1
1709,0.9975563,1.0,1
1710,0.49838114,-1.0,1
1711,0.7216377,1.0,1
1712,0.999148,1.0,1
1713,0.9901473,1.0,1
1714,0.8451901,1.0,1
1715,0.9999218,1.0,1
1716,0.97286314,1.0,1
1717,0.99491185,1.0,1
1718,0.9188953,1.0,1
1719,0.9999987,1.0,1
1720,0.9990759,1.0,1
1721,0.98584765,1.0,1
1722,0.9995403,1.0,1
1723,0.99999535,1.0,1
1724,0.99999964,1.0,1
1725,1.0,1.0,1
1726,0.5012274,1.0,1
1727,0.99934715,1.0,1
1728,0.9982364,1.0,1
1729,0.9652293,1.0,1
1730,0.80065775,1.0,1
1731,0.9830497,1.0,1
1732,0.1859435,-1.0,1
1733,0.97081,1.0,1
1734,0.9254174,1.0,1
1735,0.83488476,1.0,1
1736,0.62960523,1.0,1
1737,0.9961196,1.0,1
1738,0.38573888,-1.0,1
1739,0.25126383,-1.0,1
1740,0.99999905,1.0,1
1741,0.5674308,1.0,1
1742,0.32889524,-1.0,1
1743,0.97369814,1.0,1
1744,0.77917147,1.0,1
1745,0.9999994,1.0,1
1746,0.66388667,1.0,1
1747,0.99146324,1.0,1
1748,0.99889684,1.0,1
1749,0.9911143,1.0,1
1750,0.50322586,1.0,1
1751,0.9996805,1.0,1
1752,0.847212,1.0,1
1753,0.48544988,-1.0,1
1754,0.51080996,1.0,1
1755,0.99900144,1.0,1
1756,0.93951803,1.0,1
1757,0.92078274,1.0,1
1758,0.35419318,-1.0,1
1759,0.7186566,1.0,1
1760,0.99207765,1.0,1
1761,0.005604017,-1.0,1
1762,0.76662886,1.0,1
1763,0.9999248,1.0,1
1764,0.9170814,1.0,1
1765,0.2545304,-1.0,1
1766,0.9649855,1.0,1
1767,0.98519343,1.0,1
1768,0.26657733,-1.0,1
1769,0.07015029,-1.0,1
1770,0.5782324,1.0,1
1771,0.9850294,1.0,1
1772,0.23230289,-1.0,1
1773,0.89345044,1.0,1
1774,0.9975624,1.0,1
1775,0.99934083,1.0,1
1776,0.002961395,-1.0,1
1777,0.996265,1.0,1
1778,0.99973553,1.0,1
1779,0.9990404,1.0,1
1780,0.999918,1.0,1
1781,0.99990344,1.0,1
1782,0.99997187,1.0,1
1783,0.9990195,1.0,1
1784,0.82573485,1.0,1
1785,0.10120788,-1.0,1
1786,0.9757036,1.0,1
1787,0.5849714,1.0,1
1788,0.99736315,1.0,1
1789,0.77008164,1.0,1
1790,0.7993085,1.0,1
1791,0.87697583,1.0,1
1792,0.9997098,1.0,1
1793,0.92838466,1.0,1
1794,0.8167005,1.0,1
1795,0.65721846,1.0,1
1796,0.9981962,1.0,1
1797,0.99996555,1.0,1
1798,0.9986584,1.0,1
1799,0.7622724,1.0,1
1800,0.9908929,1.0,1
1801,0.94706625,1.0,1
1802,0.9271642,1.0,1
1803,0.99998236,1.0,1
1804,0.99998474,1.0,1
1805,0.9996947,1.0,1
1806,0.9908353,1.0,1
1807,0.9930958,1.0,1
1808,0.991334,1.0,1
1809,0.99999416,1.0,1
1810,0.9999945,1.0,1
1811,0.9761379,1.0,1
1812,0.99990416,1.0,1
1813,0.9994392,1.0,1
1814,0.9642687,1.0,1
1815,0.34573686,-1.0,1
1816,0.9995183,1.0,1
1817,0.9998758,1.0,1
1818,0.9868954,1.0,1
1819,0.9965449,1.0,1
1820,0.93972844,1.0,1
1821,0.929346,1.0,1
1822,0.48258162,-1.0,1
1823,0.7928931,1.0,1
1824,0.19599584,-1.0,1
1825,0.040217433,-1.0,1
1826,0.91178834,1.0,1
1827,0.93904275,1.0,1
1828,0.34402516,-1.0,1
1829,0.06219438,-1.0,1
1830,0.11596755,-1.0,1
1831,0.93010145,1.0,1
1832,0.42214862,-1.0,1
1833,0.94563115,1.0,1
1834,0.85688573,1.0,1
1835,0.9894215,1.0,1
1836,0.6652843,1.0,1
1837,0.99817157,1.0,1
1838,0.5667098,1.0,1
1839,0.52489936,1.0,1
1840,0.9999964,1.0,1
1841,0.74919426,1.0,1
1842,0.1549538,-1.0,1
1843,0.98305017,1.0,1
1844,0.6951305,1.0,1
1845,0.79907966,1.0,1
1846,0.9774146,1.0,1
1847,0.93448246,1.0,1
1848,0.4439148,-1.0,1
1849,0.70301986,1.0,1
1850,0.93195957,1.0,1
1851,0.6044914,1.0,1
1852,0.960231,1.0,1
1853,0.9993187,1.0,1
1854,0.99403656,1.0,1
1855,0.45525724,-1.0,1
1856,0.99986184,1.0,1
1857,0.9840523,1.0,1
1858,0.9935411,1.0,1
1859,0.9958014,1.0,1
1860,0.4049921,-1.0,1
1861,0.97026294,1.0,1
1862,0.6031407,1.0,1
1863,0.99377304,1.0,1
1864,0.47400305,-1.0,1
1865,0.80928546,1.0,1
1866,0.5297283,1.0,1
1867,0.9293415,1.0,1
1868,0.6046908,1.0,1
1869,0.6026675,1.0,1
1870,0.34841847,-1.0,1
1871,0.96828073,1.0,1
1872,0.99855036,1.0,1
1873,0.9999685,1.0,1
1874,0.677014,1.0,1
1875,0.9999844,1.0,1
1876,0.7495163,1.0,1
1877,0.801384,1.0,1
1878,0.9009484,1.0,1
1879,0.8459367,1.0,1
1880,0.41904077,-1.0,1
1881,0.68757564,1.0,1
1882,0.72722125,1.0,1
1883,0.9993548,1.0,1
1884,0.9975109,1.0,1
1885,0.74645704,1.0,1
1886,0.9996612,1.0,1
1887,0.7607619,1.0,1
1888,0.9031136,1.0,1
1889,0.02693361,-1.0,1
1890,0.9999975,1.0,1
1891,0.94451714,1.0,1
1892,0.9565269,1.0,1
1893,0.3466175,-1.0,1
1894,0.03310438,-1.0,1
1895,0.99832374,1.0,1
1896,0.93939507,1.0,1
1897,0.098531075,-1.0,1
1898,0.9484751,1.0,1
1899,0.9999906,1.0,1
1900,0.5595061,1.0,1
1901,0.9998729,1.0,1
1902,0.9896147,1.0,1
1903,0.34036922,-1.0,1
1904,0.99936527,1.0,1
1905,0.9953738,1.0,1
1906,0.99003357,1.0,1
1907,0.7909336,1.0,1
1908,0.6965956,1.0,1
1909,0.22601666,-1.0,1
1910,0.9990138,1.0,1
1911,0.042836327,-1.0,1
1912,0.9999994,1.0,1
1913,0.9998776,1.0,1
1914,0.95809865,1.0,1
1915,0.06467861,-1.0,1
1916,0.3107599,-1.0,1
1917,0.0053567323,-1.0,1
1918,0.9965186,1.0,1
1919,0.99985313,1.0,1
1920,0.7155031,1.0,1
1921,0.99997926,1.0,1
1922,0.9844028,1.0,1
1923,0.18917692,-1.0,1
1924,0.99816436,1.0,1
1925,0.82412964,1.0,1
1926,0.99226975,1.0,1
1927,0.9704378,1.0,1
1928,0.112769425,-1.0,1
1929,0.99928623,1.0,1
1930,0.99999166,1.0,1
1931,0.97902757,1.0,1
1932,0.99825805,1.0,1
1933,0.91271645,1.0,1
1934,0.99999785,1.0,1
1935,0.13444705,-1.0,1
1936,0.6523915,1.0,1
1937,0.8075231,1.0,1
1938,0.967788,1.0,1
1939,0.9558762,1.0,1
1940,0.18707815,-1.0,1
1941,0.9996277,1.0,1
1942,0.17119794,-1.0,1
1943,0.9602277,1.0,1
1944,0.6215304,1.0,1
1945,0.9934136,1.0,1
1946,0.15688534,-1.0,1
1947,0.2849101,-1.0,1
1948,0.9999981,1.0,1
1949,0.9999995,1.0,1
1950,0.99999917,1.0,1
1951,0.9996389,1.0,1
1952,0.64216524,1.0,1
1953,0.8998053,1.0,1
1954,0.98355156,1.0,1
1955,0.9979006,1.0,1
1956,0.99900275,1.0,1
1957,0.9992219,1.0,1
1958,0.0858231,-1.0,1
1959,0.66297615,1.0,1
1960,0.6957994,1.0,1
1961,0.998334,1.0,1
1962,0.84860826,1.0,1
1963,0.7662006,1.0,1
1964,0.8931793,1.0,1
1965,0.01813523,-1.0,1
1966,0.91890574,1.0,1
1967,0.40103891,-1.0,1
1968,0.40180883,-1.0,1
1969,0.99157834,1.0,1
1970,0.9775327,1.0,1
1971,0.98180526,1.0,1
1972,0.9999285,1.0,1
1973,0.78690124,1.0,1
1974,0.9500731,1.0,1
1975,0.99991524,1.0,1
1976,0.9991241,1.0,1
1977,0.046828758,-1.0,1
1978,0.49611428,-1.0,1
1979,0.9843397,1.0,1
1980,0.049018636,-1.0,1
1981,0.99678624,1.0,1
1982,0.97005916,1.0,1
1983,0.9028649,1.0,1
1984,0.83382374,1.0,1
1985,0.23458996,-1.0,1
1986,0.9998005,1.0,1
1987,0.69646055,1.0,1
1988,0.9946398,1.0,1
1989,0.9826256,1.0,1
1990,0.9999056,1.0,1
1991,0.008023671,-1.0,1
1992,0.5532097,1.0,1
1993,0.5884254,1.0,1
1994,0.30759886,-1.0,1
1995,0.18145408,-1.0,1
1996,0.56684524,1.0,1
1997,0.8848405,1.0,1
1998,0.8467383,1.0,1
1999,0.8578002,1.0,1
2000,0.25298283,-1.0,1
2001,0.637446,1.0,1
2002,0.023556624,-1.0,1
2003,0.9696158,1.0,1
2004,0.99960715,1.0,1
2005,0.62146896,1.0,1
2006,0.2720489,-1.0,1
2007,0.82271075,1.0,1
2008,0.9635611,1.0,1
2009,0.5360798,1.0,1
2010,0.9793721,1.0,1
2011,0.8061911,1.0,1
2012,0.06077633,-1.0,1
2013,0.8967856,1.0,1
2014,0.9919608,1.0,1
2015,0.77119803,1.0,1
2016,0.05191904,-1.0,1
2017,0.16307572,-1.0,1
2018,0.99978596,1.0,1
2019,0.98115796,1.0,1
2020,0.95518655,1.0,1
2021,0.05903958,-1.0,1
2022,0.5316989,1.0,1
2023,0.88477474,1.0,1
2024,0.9999379,1.0,1
2025,0.8150705,1.0,1
2026,0.16038562,-1.0,1
2027,0.7760347,1.0,1
2028,0.79796046,1.0,1
2029,0.87296766,1.0,1
2030,0.9775199,1.0,1
2031,0.86579883,1.0,1
2032,0.97548693,1.0,1
2033,0.9704033,1.0,1
2034,0.0027834293,-1.0,1
2035,0.95717335,1.0,1
2036,0.90778816,1.0,1
2037,0.99998546,1.0,1
2038,0.9023223,1.0,1
2039,0.99512154,1.0,1
2040,0.9999763,1.0,1
2041,0.9999994,1.0,1
2042,0.9999969,1.0,1
2043,0.9999999,1.0,1
2044,0.9999945,1.0,1
2045,0.9059137,1.0,1
2046,0.8425122,1.0,1
2047,0.8528079,1.0,1
2048,0.99995744,1.0,1
2049,0.85066825,1.0,1
2050,0.97765213,1.0,1
2051,0.9543244,1.0,1
2052,0.49418545,-1.0,1
2053,0.1846119,-1.0,1
2054,0.99999726,1.0,1
2055,0.9174721,1.0,1
2056,0.99922717,1.0,1
2057,0.9729899,1.0,1
2058,0.99932706,1.0,1
2059,0.98519117,1.0,1
2060,0.90947074,1.0,1
2061,0.9660731,1.0,1
2062,0.9958546,1.0,1
2063,0.9999702,1.0,1
2064,0.829631,1.0,1
2065,0.7509803,1.0,1
2066,0.9524966,1.0,1
2067,0.38444674,-1.0,1
2068,0.86152804,1.0,1
2069,0.999997,1.0,1
2070,0.78413886,1.0,1
2071,0.9912759,1.0,1
2072,0.6488261,1.0,1
2073,0.8821331,1.0,1
2074,0.9622734,1.0,1
2075,0.232593,-1.0,1
2076,0.93684757,1.0,1
2077,0.38376456,-1.0,1
2078,0.6569773,1.0,1
2079,0.660781,1.0,1
2080,0.9142619,1.0,1
2081,0.49147314,-1.0,1
2082,0.99570835,1.0,1
2083,0.99999154,1.0,1
2084,0.15296873,-1.0,1
2085,0.9990361,1.0,1
2086,0.9985696,1.0,1
2087,0.92097515,1.0,1
2088,0.9999981,1.0,1
2089,0.9983601,1.0,1
2090,0.5398332,1.0,1
2091,0.9861866,1.0,1
2092,0.8740415,1.0,1
2093,0.9999037,1.0,1
2094,0.9455577,1.0,1
2095,0.9604212,1.0,1
2096,0.9996768,1.0,1
2097,0.9996768,1.0,1
2098,0.96287316,1.0,1
2099,0.96898425,1.0,1
2100,0.18030258,-1.0,1
2101,0.66464585,1.0,1
2102,0.66464585,1.0,1
2103,0.46721578,-1.0,1
2104,0.604412,1.0,1
2105,0.6157377,1.0,1
2106,0.7043735,1.0,1
2107,0.99411845,1.0,1
2108,0.4678601,-1.0,1
2109,0.7077894,1.0,1
2110,0.99998903,1.0,1
2111,0.9999819,1.0,1
2112,0.9999814,1.0,1
2113,0.9999902,1.0,1
2114,0.67456865,1.0,1
2115,0.9982241,1.0,1
2116,0.9958103,1.0,1
2117,0.9944383,1.0,1
2118,0.48649985,-1.0,1
2119,0.9894952,1.0,1
2120,0.9699859,1.0,1
2121,0.9933188,1.0,1
2122,0.99480236,1.0,1
2123,0.99480236,1.0,1
2124,0.9753488,1.0,1
2125,0.9753488,1.0,1
2126,0.98876196,1.0,1
2127,0.986211,1.0,1
2128,0.86866844,1.0,1
2129,0.864415,1.0,1
2130,0.83438015,1.0,1
2131,0.75778013,1.0,1
2132,0.75287116,1.0,1
2133,0.90202785,1.0,1
2134,0.98031276,1.0,1
2135,0.9600019,1.0,1
2136,0.9578933,1.0,1
2137,0.8829578,1.0,1
2138,0.9348628,1.0,1
2139,0.9336232,1.0,1
2140,0.9496386,1.0,1
2141,0.8051982,1.0,1
2142,0.8051982,1.0,1
2143,0.8051982,1.0,1
2144,0.8281953,1.0,1
2145,0.8051982,1.0,1
2146,0.8051982,1.0,1
2147,0.8281953,1.0,1
2148,0.8051982,1.0,1
2149,0.8051982,1.0,1
2150,0.8051982,1.0,1
2151,0.95709777,1.0,1
2152,0.9999989,1.0,1
2153,0.6524195,1.0,1
2154,0.2318331,-1.0,1
2155,0.48134694,-1.0,1
2156,0.7247728,1.0,1
2157,0.9970874,1.0,1
2158,0.9827588,1.0,1
2159,0.999308,1.0,1
2160,0.9920209,1.0,1
2161,0.9993425,1.0,1
2162,0.9049632,1.0,1
2163,0.9997055,1.0,1
2164,0.99976045,1.0,1
2165,0.9412785,1.0,1
2166,0.03290392,-1.0,1
2167,0.99999976,1.0,1
2168,0.9999989,1.0,1
2169,0.999995,1.0,1
2170,0.99909353,1.0,1
2171,0.12555398,-1.0,1
2172,0.99593073,1.0,1
2173,0.49541625,-1.0,1
2174,0.9999949,1.0,1
2175,0.9990588,1.0,1
2176,0.9959144,1.0,1
2177,0.04059363,-1.0,1
2178,0.8361,1.0,1
2179,0.99555826,1.0,1
2180,0.5841094,1.0,1
2181,0.97797465,1.0,1
2182,0.67984617,1.0,1
2183,0.47417817,-1.0,1
2184,0.9999753,1.0,1
2185,0.98203087,1.0,1
2186,0.9907528,1.0,1
2187,0.9844558,1.0,1
2188,0.9917528,1.0,1
2189,0.983715,1.0,1
2190,0.75892484,1.0,1
2191,0.70167613,1.0,1
2192,0.7185524,1.0,1
2193,0.8165854,1.0,1
2194,0.8455749,1.0,1
2195,0.65887046,1.0,1
2196,0.7200506,1.0,1
2197,0.7842185,1.0,1
2198,0.8981397,1.0,1
2199,0.83641386,1.0,1
2200,0.44325444,-1.0,1
2201,0.47008482,-1.0,1
2202,0.9679248,1.0,1
2203,0.7826398,1.0,1
2204,0.9952863,1.0,1
2205,0.7034334,1.0,1
2206,0.98145205,1.0,1
2207,0.999116,1.0,1
2208,0.82627773,1.0,1
2209,0.9949837,1.0,1
2210,0.86253583,1.0,1
2211,0.3495779,-1.0,1
2212,0.99996936,1.0,1
2213,0.9980076,1.0,1
2214,0.971383,1.0,1
2215,0.85811096,1.0,1
2216,0.99708813,1.0,1
2217,0.8586843,1.0,1
2218,0.04673172,-1.0,1
2219,0.99503326,1.0,1
2220,0.9999968,1.0,1
2221,0.98387074,1.0,1
2222,0.94284725,1.0,1
2223,0.33266062,-1.0,1
2224,0.9999914,1.0,1
2225,0.0053786743,-1.0,1
2226,0.8253054,1.0,1
2227,0.16526872,-1.0,1
2228,0.9538282,1.0,1
2229,0.99901164,1.0,1
2230,0.999686,1.0,1
2231,0.999686,1.0,1
2232,0.999686,1.0,1
2233,0.999686,1.0,1
2234,0.999686,1.0,1
2235,0.999686,1.0,1
2236,0.999686,1.0,1
2237,0.999686,1.0,1
2238,0.999686,1.0,1
2239,0.99976665,1.0,1
2240,0.99976665,1.0,1
2241,0.9995192,1.0,1
2242,0.999686,1.0,1
2243,0.999686,1.0,1
2244,0.999686,1.0,1
2245,0.999686,1.0,1
2246,0.999686,1.0,1
2247,0.999686,1.0,1
2248,0.999686,1.0,1
2249,0.999686,1.0,1
2250,0.999686,1.0,1
2251,0.99976665,1.0,1
2252,0.99976665,1.0,1
2253,0.9995192,1.0,1
2254,0.99976665,1.0,1
2255,0.99976665,1.0,1
2256,0.9995192,1.0,1
2257,0.999686,1.0,1
2258,0.99976665,1.0,1
2259,0.99976665,1.0,1
2260,0.999686,1.0,1
2261,0.999686,1.0,1
2262,0.999686,1.0,1
2263,0.927059,1.0,1
2264,0.99707544,1.0,1
2265,0.9764023,1.0,1
2266,0.95391303,1.0,1
2267,0.97715515,1.0,1
2268,0.8878639,1.0,1
2269,0.24407074,-1.0,1
2270,0.99863786,1.0,1
2271,0.517978,1.0,1
2272,0.9977506,1.0,1
2273,0.99007577,1.0,1
2274,0.22393158,-1.0,1
2275,0.5018482,1.0,1
2276,0.36281377,-1.0,1
2277,0.95947725,1.0,1
2278,0.97874874,1.0,1
2279,0.963278,1.0,1
2280,0.97874874,1.0,1
2281,0.9680863,1.0,1
2282,0.9680863,1.0,1
2283,0.97603095,1.0,1
2284,0.8981627,1.0,1
2285,0.9794102,1.0,1
2286,0.96331847,1.0,1
2287,0.96512157,1.0,1
2288,0.97889256,1.0,1
2289,0.9787264,1.0,1
2290,0.9684591,1.0,1
2291,0.9741349,1.0,1
2292,0.9741349,1.0,1
2293,0.9909054,1.0,1
2294,0.991548,1.0,1
2295,0.9921227,1.0,1
2296,0.9999833,1.0,1
2297,0.53578967,1.0,1
2298,0.99163944,1.0,1
2299,0.9894426,1.0,1
2300,0.9888559,1.0,1
2301,0.9878078,1.0,1
2302,0.99076885,1.0,1
2303,0.9857662,1.0,1
2304,0.8784413,1.0,1
2305,0.65972406,1.0,1
2306,0.9983943,1.0,1
2307,0.9963247,1.0,1
2308,0.99999475,1.0,1
2309,0.99999,1.0,1
2310,0.9999701,1.0,1
2311,0.6135452,1.0,1
2312,0.99986136,1.0,1
2313,0.99513185,1.0,1
2314,0.9247376,1.0,1
2315,0.02716542,-1.0,1
2316,0.99991786,1.0,1
2317,0.9999988,1.0,1
2318,0.9768246,1.0,1
2319,0.98670584,1.0,1
2320,0.0037403922,-1.0,1
2321,0.9999999,1.0,1
2322,0.9998791,1.0,1
2323,0.9982393,1.0,1
2324,0.07761844,-1.0,1
2325,0.9999993,1.0,1
2326,1.0,1.0,1
2327,0.9999702,1.0,1
2328,0.46023774,-1.0,1
2329,0.9986167,1.0,1
2330,0.9998053,1.0,1
2331,0.07132207,-1.0,1
2332,0.99839395,1.0,1
2333,0.8456385,1.0,1
2334,0.6348118,1.0,1
2335,0.4024404,-1.0,1
2336,0.9172967,1.0,1
2337,0.8281738,1.0,1
2338,0.9950807,1.0,1
2339,0.99336326,1.0,1
2340,0.9988701,1.0,1
2341,0.9919884,1.0,1
2342,0.99973685,1.0,1
2343,0.68273944,1.0,1
2344,0.9048319,1.0,1
2345,0.8600153,1.0,1
2346,0.614972,1.0,1
2347,0.646536,1.0,1
2348,0.19354714,-1.0,1
2349,0.9999505,1.0,1
2350,0.99935883,1.0,1
2351,0.9809333,1.0,1
2352,0.9006353,1.0,1
2353,0.46194354,-1.0,1
2354,0.98364234,1.0,1
2355,0.9961552,1.0,1
2356,0.999995,1.0,1
2357,0.9615608,1.0,1
2358,0.99999905,1.0,1
2359,0.9999875,1.0,1
2360,0.7750325,1.0,1
2361,0.18675518,-1.0,1
2362,0.22676483,-1.0,1
2363,0.12806219,-1.0,1
2364,0.024967723,-1.0,1
2365,0.99808073,1.0,1
2366,0.99988616,1.0,1
2367,0.99444467,1.0,1
2368,0.98047924,1.0,1
2369,0.9260729,1.0,1
2370,0.98436385,1.0,1
2371,0.99943274,1.0,1
2372,0.9390274,1.0,1
2373,0.9991903,1.0,1
2374,0.9999962,1.0,1
2375,0.9997564,1.0,1
2376,0.99999976,1.0,1
2377,0.999962,1.0,1
2378,0.57124263,1.0,1
2379,0.99987364,1.0,1
2380,0.9237371,1.0,1
2381,0.99996805,1.0,1
2382,0.0070375362,-1.0,1
2383,0.056845132,-1.0,1
2384,0.031736057,-1.0,1
2385,0.0030684406,-1.0,1
2386,0.9546977,1.0,1
2387,0.99891233,1.0,1
2388,0.9576977,1.0,1
2389,0.04063816,-1.0,1
2390,0.06944497,-1.0,1
2391,0.9808559,1.0,1
2392,0.99999523,1.0,1
2393,0.9999722,1.0,1
2394,0.046973508,-1.0,1
2395,0.9999987,1.0,1
2396,0.54746956,1.0,1
2397,0.9856405,1.0,1
2398,0.8944957,1.0,1
2399,0.9274826,1.0,1
2400,0.9892792,1.0,1
2401,0.9949774,1.0,1
2402,0.99968815,1.0,1
2403,0.9999691,1.0,1
2404,0.9999902,1.0,1
2405,0.6617538,1.0,1
2406,0.7886675,1.0,1
2407,0.99937457,1.0,1
2408,0.99820316,1.0,1
2409,0.9995765,1.0,1
2410,0.7169031,1.0,1
2411,0.999997,1.0,1
2412,0.9851805,1.0,1
2413,0.5435142,1.0,1
2414,0.8640327,1.0,1
2415,0.5871258,1.0,1
2416,0.5412421,1.0,1
2417,0.988796,1.0,1
2418,0.8640327,1.0,1
2419,0.8640327,1.0,1
2420,0.12208833,-1.0,1
2421,0.9999604,1.0,1
2422,1.0,1.0,1
2423,0.9997831,1.0,1
2424,0.99999833,1.0,1
2425,0.9923166,1.0,1
2426,0.9992925,1.0,1
2427,0.99828523,1.0,1
2428,1.0,1.0,1
2429,0.5957287,1.0,1
2430,0.99999774,1.0,1
2431,0.8957644,1.0,1
2432,0.9995011,1.0,1
2433,0.59683996,1.0,1
2434,0.9978981,1.0,1
2435,0.99805874,1.0,1
2436,0.8192292,1.0,1
2437,0.012758545,-1.0,1
2438,0.0876068,-1.0,1
2439,0.99999666,1.0,1
2440,1.0,1.0,1
2441,1.0,1.0,1
2442,1.0,1.0,1
2443,0.999997,1.0,1
2444,1.0,1.0,1
2445,0.009367384,-1.0,1
2446,0.0033429544,-1.0,1
2447,0.0022380308,-1.0,1
2448,0.0048786807,-1.0,1
2449,0.5439153,1.0,1
2450,0.999984,1.0,1
2451,0.6436464,1.0,1
2452,0.99995005,1.0,1
2453,0.9902198,1.0,1
2454,0.9763733,1.0,1
2455,0.87260777,1.0,1
2456,0.999969,1.0,1
2457,0.9998461,1.0,1
2458,0.9999659,1.0,1
2459,0.9999962,1.0,1
2460,0.99996305,1.0,1
2461,0.9994974,1.0,1
2462,1.0,1.0,1
2463,1.0,1.0,1
2464,0.99999845,1.0,1
2465,0.9999994,1.0,1
2466,0.99999905,1.0,1
2467,1.0,1.0,1
2468,0.99999774,1.0,1
2469,1.0,1.0,1
2470,1.0,1.0,1
2471,1.0,1.0,1
2472,0.99999964,1.0,1
2473,0.9999968,1.0,1
2474,0.9943684,1.0,1
2475,0.9970548,1.0,1
2476,1.0,1.0,1
2477,0.7893041,1.0,1
2478,0.9999968,1.0,1
2479,0.86153805,1.0,1
2480,1.0,1.0,1
2481,1.0,1.0,1
2482,0.9997826,1.0,1
2483,0.9999987,1.0,1
2484,0.99998236,1.0,1
2485,0.9996706,1.0,1
2486,0.17943606,-1.0,1
2487,0.9466145,1.0,1
2488,0.99999785,1.0,1
2489,0.9995018,1.0,1
2490,0.9998926,1.0,1
2491,0.99985063,1.0,1
2492,0.9995018,1.0,1
2493,0.9995018,1.0,1
2494,0.11985715,-1.0,1
2495,0.9999988,1.0,1
2496,0.9999994,1.0,1
2497,1.0,1.0,1
2498,0.9999995,1.0,1
2499,0.9999999,1.0,1
2500,0.99151367,1.0,1
2501,0.89069194,1.0,1
2502,0.8226594,1.0,1
2503,0.24003844,-1.0,1
2504,0.97374547,1.0,1
2505,0.7546214,1.0,1
2506,0.14452656,-1.0,1
2507,0.00074445346,-1.0,1
2508,0.99999225,1.0,1
2509,0.7525952,1.0,1
2510,1.0,1.0,1
2511,0.999899,1.0,1
2512,0.98202676,1.0,1
2513,0.99987054,1.0,1
2514,0.00049619365,-1.0,1
2515,0.104342334,-1.0,1
2516,0.99999964,1.0,1
2517,0.99999976,1.0,1
2518,0.99999905,1.0,1
2519,0.9996915,1.0,1
2520,0.9996007,1.0,1
2521,0.001159386,-1.0,1
2522,0.5431558,1.0,1
2523,0.9994161,1.0,1
2524,0.8206133,1.0,1
2525,0.011393449,-1.0,1
2526,1.0,1.0,1
2527,0.9908839,1.0,1
2528,0.9822749,1.0,1
2529,0.9834383,1.0,1
2530,0.9431993,1.0,1
2531,0.9431993,1.0,1
2532,0.9889952,1.0,1
2533,0.3666718,-1.0,1
2534,0.11848906,-1.0,1
2535,0.005541142,-1.0,1
2536,0.8483003,1.0,1
2537,0.6018876,1.0,1
2538,0.9999975,1.0,1
2539,0.9999994,1.0,1
2540,0.9999994,1.0,1
2541,0.99999964,1.0,1
2542,0.99999976,1.0,1
2543,0.99999917,1.0,1
2544,1.0,1.0,1
2545,0.99999976,1.0,1
2546,0.9454161,1.0,1
2547,0.9999981,1.0,1
2548,0.9999999,1.0,1
2549,0.55336547,1.0,1
2550,0.9068944,1.0,1
2551,0.99527526,1.0,1
2552,0.44506186,-1.0,1
2553,0.033286024,-1.0,1
2554,1.0,1.0,1
2555,0.9407545,1.0,1
2556,0.9999993,1.0,1
2557,0.89387256,1.0,1
2558,0.99993765,1.0,1
2559,0.99744356,1.0,1
2560,0.9963636,1.0,1
2561,0.9999999,1.0,1
2562,0.99999774,1.0,1
2563,0.98071,1.0,1
2564,1.0,1.0,1
2565,0.9999746,1.0,1
2566,0.9999938,1.0,1
2567,0.99999714,1.0,1
2568,0.9998196,1.0,1
